{"cameraMode":{"drawMode":0,"name":"Shaded","section":"Shading Mode"},"sceneLighting":false,"audioPlay":false,"sceneViewState":{"showFog":true,"showMaterialUpdate":false,"showSkybox":true,"showFlares":true,"showImageEffects":true,"showParticleSystems":true},"in2DMode":false,"pivot":{"x":9.600000381469727,"y":-19.100000381469728,"z":85.19999694824219},"rotation":{"x":0.0312996543943882,"y":0.11132346093654633,"z":-0.0035080371890217067,"w":0.9932850003242493},"size":2.3334522247314455,"orthographic":false}